,file_name,spike_number,max,min_AHP,threshold,TTP_max,TTP_AHP,amplitude,spike_width
0,N1.txt,1,34.24292,-57.87439,-49.74146,6,53,83.98437999999999,12.049999999999997
1,N1.txt,2,28.16992,-56.97412,-44.85864,7,85,73.02856,13.754999999999995
2,N1.txt,3,27.07129,-57.0199,-44.20251,7,104,71.2738,14.397000000000006
3,N1.txt,4,27.02551,-56.89783,-44.90442,8,128,71.92993,14.987000000000009
4,N1.txt,5,26.56775,-56.13489,-43.88208,8,111,70.44983,15.141999999999996
5,N1.txt,6,25.34705,-56.66895,-43.43958,8,148,68.78663,15.683999999999997
