,file_name,spike_number,peak,minAHP,threshold,TTP-peak,TTP-AHP,amplitude,width
0,./Data/Intact/N8.txt,1,28.35901,-58.79919,-53.53491,0.7,4.8,81.89392000000001,1.2910000000000004
1,./Data/Intact/N8.txt,2,21.44678,-57.65479,-47.14148,0.8,5.0,68.58826,1.4976000000000007
2,./Data/Intact/N8.txt,3,22.39282,-56.47986,-46.33276,0.9,5.0,68.72558000000001,1.5238999999999996
3,./Data/Intact/N8.txt,4,22.07239,-55.56433,-43.52515,0.8,5.0,65.59754,1.5132999999999996
4,./Data/Intact/N8.txt,5,22.11816,-55.39648,-45.29517,0.9,5.0,67.41333,1.5847
