,file_name,spike_number,max,max_idx,min_AHP,min_AHP_idx,threshold,threshold_idx,time_to_peak,amplitude,ISI
0,N1.txt,1,34.24292,100,-57.87439,153,-49.74146,94,53,83.98437999999999,12.049999999999997
1,N1.txt,2,28.16992,100,-56.97412,185,-44.85864,93,85,73.02856,13.754999999999995
2,N1.txt,3,27.07129,100,-57.0199,204,-44.20251,93,104,71.2738,14.397000000000006
3,N1.txt,4,27.02551,100,-56.89783,228,-44.90442,92,128,71.92993,14.987000000000009
4,N1.txt,5,26.56775,100,-56.13489,211,-43.88208,92,111,70.44983,15.141999999999996
5,N1.txt,6,25.34705,100,-56.66895,248,-43.43958,92,148,68.78663,15.683999999999997
