,Unnamed: 0,file_name,spike_number,peak,minAHP,threshold,TTP-peak,TTP-AHP,amplitude,width,Type
0,0,./Data/PD/N1_PD.txt,1,29.846191,-60.012817,-59.967041,3.8,2.6,89.813232,0.9432000000000004,PD
11,11,./Data/PD/N2_PD.txt,1,23.666382,-55.160522,-45.516968,0.8,3.7,69.18334999999999,1.1566000000000003,PD
24,24,./Data/PD/N3_PD.txt,1,23.742676,-57.449341,-49.423218,0.9,3.5,73.165894,1.1969999999999998,PD
36,36,./Data/PD/N4_PD.txt,1,17.181396,-56.32019,-47.439575,0.9,4.5,64.620971,1.2708,PD
47,47,./Data/PD/N5_PD.txt,1,21.255493,-69.519043,-50.170898,0.5,1.2,71.426391,0.4283999999999999,PD
66,66,./Data/PD/N6_PD.txt,1,27.155762,-63.878174,-60.109253,2.9,1.1,87.265015,0.4798999999999999,PD
89,89,./Data/PD/N7_PD.txt,1,-5.493164,-62.454224,-45.013428,0.4,2.0,39.520264,0.4929000000000002,PD
105,105,./Data/PD/N8_PD.txt,1,-4.013062,-60.440063,-58.532715,2.4,1.6,54.519653000000005,0.6326999999999998,PD
