,Unnamed: 0,file_name,spike_number,peak,minAHP,threshold,TTP-peak,TTP-AHP,amplitude,width,1st_latency,Type
1,1,./Data/PD/N1_PD.txt,2,21.194458,-58.456421,-33.676147,0.8,3.0,54.870605,0.8621000000000002,,PD
12,12,./Data/PD/N2_PD.txt,2,19.943237,-54.56543,-38.787842,0.9,3.6,58.731079,1.1666000000000003,,PD
25,25,./Data/PD/N3_PD.txt,2,20.370483,-56.610107,-41.275024,0.8,3.6,61.645507,1.1559000000000006,,PD
37,37,./Data/PD/N4_PD.txt,2,15.014648,-55.984497,-39.489746,0.8,4.5,54.504394,1.1878,,PD
48,48,./Data/PD/N5_PD.txt,2,16.952515,-68.786621,-46.417236,0.5,1.3,63.369751,0.4487000000000001,,PD
67,67,./Data/PD/N6_PD.txt,2,21.784668,-62.993164,-43.00415,0.5,1.5,64.788818,0.4579999999999998,,PD
90,90,./Data/PD/N7_PD.txt,2,-5.615234,-61.767578,-43.47229,0.4,2.0,37.857056,0.5009000000000001,,PD
106,106,./Data/PD/N8_PD.txt,2,-4.608154,-60.073853,-41.45813,0.4,1.7,36.849976,0.489,,PD
